Pair,Executor,Dir,Size,Entry,Close,StopLoss,TakeProfit,PnL,Reason,Duration,Status,CloseTime
ETH/USDT,Agent,Sell,0.1034,1681.44,1708.50,1705.46,1605.13,-2.97,SL,8h 27m,Closed,8 Jun 11:07 PM
XRP/USDT,Smart,Sell,813,1.1746,1.1865,1.1855,1.1503,-10.61,SL,4h 30m,Closed,8 Jun 9:32 PM
ADA/USDT,Smart,Sell,4874,0.1702,0.1725,0.1723,0.1672,-12.10,SL,3h 17m,Closed,8 Jun 8:30 PM
SOL/USDT,Agent,Buy,2.55,67.82,66.59,66.60,69.64,-3.29,SL,1h 58m,Closed,8 Jun 7:11 PM
BTC/USDT,Smart,Sell,0.04096,63490.81,64242.17,64181.73,62275.34,-33.41,SL,5h 57m,Closed,8 Jun 5:14 PM
SOL/USDT,Agent,Sell,2.56,67.38,67.81,67.74,65.33,-1.27,SL,10m,Closed,8 Jun 5:13 PM
DOGE/USDT,Agent,Sell,2014.80273,0.086260,0.087407,0.087300,0.083430,-2.49,SL,3h 52m,Closed,8 Jun 5:13 PM
ADA/USDT,Agent,Sell,1036,0.1675,0.1703,0.1702,0.1627,-3.08,SL,3h 44m,Closed,8 Jun 5:12 PM
XRP/USDT,Agent,Sell,148,1.1684,1.1755,1.1750,1.1332,-1.22,SL,2h 2m,Closed,8 Jun 5:02 PM
SOL/USDT,Agent,Sell,2.61,66.58,67.26,67.23,64.84,-1.94,SL,3h 41m,Closed,8 Jun 4:57 PM
BNB/USDT,Smart,Sell,2.89,599.24,602.57,605.71,591.29,-11.36,Manual,4h 0m,Closed,8 Jun 3:17 PM
XRP/USDT,Agent,Sell,149,1.1583,1.1628,1.1689,1.1171,-0.84,Manual,1h 37m,Closed,8 Jun 2:59 PM
ETH/USDT,Agent,Sell,0.1054,1664.38,1685.15,1694.48,1619.35,-2.37,Manual,4h 0m,Closed,8 Jun 2:40 PM
DOGE/USDT,Smart,Buy,6560.08126,0.085796,0.086463,0.085281,0.086567,3.81,Manual,2h 10m,Closed,8 Jun 1:32 PM
ADA/USDT,Agent,Sell,1043,0.1666,0.1679,0.1677,0.1602,-1.53,SL,7m,Closed,8 Jun 1:28 PM
XRP/USDT,Agent,Sell,152,1.1486,1.1591,1.1585,1.1072,-1.77,SL,3h 32m,Closed,8 Jun 1:22 PM
DOGE/USDT,Agent,Sell,2059.93824,0.085186,0.086316,0.086293,0.083224,-2.51,SL,2h 46m,Closed,8 Jun 1:20 PM
ADA/USDT,Smart,Sell,21542,0.1649,0.1665,0.1667,0.1617,-38.00,SL,1h 25m,Closed,8 Jun 1:20 PM
SOL/USDT,Agent,Sell,11.66,65.58,66.73,66.63,63.68,-14.13,SL,2h 33m,Closed,8 Jun 1:16 PM
ADA/USDT,Agent,Sell,1063,0.1645,0.1650,0.1649,0.1576,-0.71,SL,37m,Closed,8 Jun 11:54 AM
ADA/USDT,Agent,Sell,1074,0.1633,0.1649,0.1646,0.1573,-1.90,SL,1h 29m,Closed,8 Jun 11:17 AM
BNB/USDT,Smart,Sell,1.005,596.73,600.01,600.32,591.36,-3.90,SL,11m,Closed,8 Jun 11:17 AM
BTC/USDT,Smart,Sell,0.02799,63082.83,63392.99,63497.09,62549.37,-10.46,Manual,2h 3m,Closed,8 Jun 11:17 AM
BNB/USDT,Smart,Sell,0.948,593.20,597.25,596.76,587.85,-4.41,SL,41m,Closed,8 Jun 11:03 AM
SOL/USDT,Agent,Sell,2.7,65.42,65.72,66.58,63.63,-0.97,Manual,4h 0m,Closed,8 Jun 10:42 AM
ETH/USDT,Agent,Sell,0.1068,1658.70,1668.00,1687.25,1627.23,-1.17,Manual,4h 1m,Closed,8 Jun 10:39 AM
DOGE/USDT,Agent,Sell,2080.22309,0.085143,0.085395,0.086620,0.082780,-0.70,Manual,4h 0m,Closed,8 Jun 10:34 AM
BNB/USDT,Smart,Sell,5.786,595.06,594.97,601.50,587.18,-2.94,Manual,4h 0m,Closed,8 Jun 10:21 AM
XRP/USDT,Smart,Sell,2844,1.1389,1.1497,1.1497,1.1155,-33.88,SL,2h 41m,Closed,8 Jun 9:48 AM
ADA/USDT,Agent,Sell,1088,0.1620,0.1635,0.1635,0.1562,-1.81,SL,1h 19m,Closed,8 Jun 9:47 AM
BTC/USDT,Smart,Sell,0.0545,62629.55,63193.14,63160.23,62217.54,-34.16,SL,2h 39m,Closed,8 Jun 9:13 AM
ADA/USDT,Smart,Sell,7016,0.1606,0.1623,0.1621,0.1573,-13.08,SL,1h 10m,Closed,8 Jun 8:27 AM
ADA/USDT,Agent,Sell,5120,0.1627,0.1607,0.1653,0.1594,9.42,Manual,4h 0m,Closed,8 Jun 7:16 AM
BNB/USDT,Agent,Buy,0.295,601.80,593.48,573.74,664.33,-2.63,Manual,4h 0m,Closed,8 Jun 7:16 AM
XRP/USDT,Smart,Sell,872,1.1535,1.1408,1.1733,1.1385,10.06,Manual,2h 39m,Closed,8 Jun 7:07 AM
SOL/USDT,Agent,Sell,2.63,66.82,65.58,67.20,64.22,3.10,Manual,4h 0m,Closed,8 Jun 6:42 AM
ETH/USDT,Agent,Sell,0.1035,1703.45,1662.65,1731.03,1654.29,4.05,Manual,4h 0m,Closed,8 Jun 6:38 AM
DOGE/USDT,Agent,Sell,2053.2143,0.086070,0.085355,0.087260,0.083391,1.29,Manual,4h 0m,Closed,8 Jun 6:34 AM
BTC/USDT,Smart,Sell,0.02249,63459.18,63006.94,64045.02,62520.14,8.75,Manual,4h 0m,Closed,8 Jun 6:31 AM
BNB/USDT,Smart,Sell,1.138,602.21,597.51,605.82,596.78,4.67,Manual,1h 47m,Closed,8 Jun 6:21 AM
DOGE/USDT,Smart,Buy,7611.53667,0.085756,0.085225,0.085191,0.086475,-4.69,SL,2h 10m,Closed,8 Jun 6:21 AM
SOL/USDT,Smart,Buy,8.94,66.18,65.71,65.78,66.77,-4.72,SL,2h 21m,Closed,8 Jun 6:20 AM
XRP/USDT,Smart,Sell,537,1.1547,1.1627,1.1617,1.1443,-4.92,SL,28m,Closed,8 Jun 4:27 AM
XRP/USDT,Smart,Sell,2136,1.1610,1.1548,1.1688,1.1514,10.83,Manual,44m,Closed,8 Jun 3:15 AM
ADA/USDT,Smart,Sell,17569,0.1658,0.1633,0.1681,0.1631,41.80,Manual,35m,Closed,8 Jun 3:15 AM
BNB/USDT,Smart,Buy,3.171,606.55,600.68,601.38,610.45,-20.53,SL,1h 12m,Closed,8 Jun 3:15 AM
ADA/USDT,Smart,Sell,10584,0.1655,0.1666,0.1663,0.1638,-13.51,SL,11m,Closed,8 Jun 2:39 AM
SOL/USDT,Smart,Sell,18.34,66.58,67.09,66.92,65.92,-10.61,SL,11m,Closed,8 Jun 2:39 AM
ETH/USDT,Agent,Sell,0.1043,1694.31,1707.16,1704.73,1629.15,-1.52,SL,3m,Closed,8 Jun 2:37 AM
XRP/USDT,Smart,Sell,465,1.1549,1.1607,1.1619,1.1445,-3.24,Manual,4m,Closed,8 Jun 2:31 AM
BTC/USDT,Smart,Sell,0.007,63155.18,63562.37,63534.49,62586.22,-3.30,SL,1h 1m,Closed,8 Jun 2:30 AM
SOL/USDT,Smart,Sell,7.37,66.17,66.57,66.57,65.58,-3.39,SL,45m,Closed,8 Jun 2:28 AM
ETH/USDT,Smart,Buy,0.2767,1681.98,1692.93,1671.90,1697.10,2.56,Manual,52m,Closed,8 Jun 2:28 AM
XRP/USDT,Smart,Sell,468,1.1480,1.1575,1.1548,1.1376,-4.99,SL,15m,Closed,8 Jun 2:26 AM
XRP/USDT,Agent,Sell,154,1.1474,1.1646,1.1659,1.1142,-2.83,Manual,1m,Closed,8 Jun 12:15 AM
SOL/USDT,Smart,Sell,7.16,66.72,66.79,67.46,65.45,-0.96,Manual,27s,Closed,8 Jun 12:15 AM
ADA/USDT,Agent,Sell,1079,0.1643,0.1674,0.1670,0.1596,-3.53,SL,1m,Closed,8 Jun 12:15 AM
ETH/USDT,Agent,Sell,0.1066,1662.24,1704.17,1689.18,1614.29,-4.65,SL,1m,Closed,8 Jun 12:15 AM
BTC/USDT,Agent,Sell,0.00283,62536.43,63691.89,63362.86,61108.84,-3.45,SL,1m,Closed,8 Jun 12:15 AM
SOL/USDT,Agent,Sell,2.71,65.41,66.86,66.47,63.53,-4.10,SL,1m,Closed,8 Jun 12:14 AM
BTC/USDT,Agent,Sell,0.00288,61688.92,62738.91,62662.86,59884.70,-3.20,SL,1h 21m,Closed,8 Jun 12:13 AM
BNB/USDT,Agent,Sell,0.3,592.04,602.39,601.49,574.82,-3.29,SL,1h 21m,Closed,8 Jun 12:13 AM
DOGE/USDT,Agent,Sell,2120.30421,0.083826,0.085485,0.085204,0.081426,-3.70,SL,1h 21m,Closed,8 Jun 12:13 AM
ETH/USDT,Agent,Sell,0.1094,1623.03,1664.38,1648.59,1575.50,-4.71,SL,1h 21m,Closed,8 Jun 12:13 AM
SOL/USDT,Agent,Sell,2.74,64.67,65.56,65.47,62.57,-2.62,SL,55m,Closed,8 Jun 12:13 AM
XRP/USDT,Smart,Sell,1681,1.1343,1.1316,1.1512,1.1170,2.66,Manual,12h 0m,Closed,8 Jun 12:05 AM
SOL/USDT,Agent,Sell,2.71,65.33,64.80,66.09,63.16,1.24,Manual,4h 3m,Closed,7 Jun 11:18 PM
ETH/USDT,Agent,Sell,0.1097,1623.41,1627.08,1719.25,1473.64,-0.58,Manual,5h 47m,Closed,7 Jun 10:52 PM
BNB/USDT,Agent,Sell,0.302,589.50,593.49,605.65,570.02,-1.38,Manual,5h 47m,Closed,7 Jun 10:52 PM
BTC/USDT,Agent,Sell,0.00287,61884.80,61836.69,62958.43,60167.17,-0.04,Manual,4h 39m,Closed,7 Jun 10:52 PM
DOGE/USDT,Agent,Buy,2104.15781,0.084792,0.083602,0.083517,0.086560,-2.68,Manual,3h 13m,Closed,7 Jun 9:17 PM
ADA/USDT,Smart,Buy,4292,0.1626,0.1622,0.1615,0.1639,-2.41,Manual,3h 26m,Closed,7 Jun 9:06 PM
ETH/USDT,Smart,Buy,0.3701,1627.14,1629.30,1617.38,1641.77,0.20,Manual,4h 0m,Closed,7 Jun 9:03 PM
ADA/USDT,Smart,Sell,11817,0.1625,0.1631,0.1639,0.1600,-8.58,Manual,4h 0m,Closed,7 Jun 8:03 PM
BNB/USDT,Smart,Buy,1.019,590.84,595.50,587.30,596.15,4.15,Manual,2h 18m,Closed,7 Jun 7:21 PM
SOL/USDT,Agent,Sell,2.72,65.07,65.48,65.34,62.44,-1.27,SL,2h 42m,Closed,7 Jun 7:14 PM
BTC/USDT,Agent,Sell,0.00287,62218.80,62033.98,63298.07,61046.36,0.35,Manual,4h 0m,Closed,7 Jun 6:12 PM
DOGE/USDT,Agent,Sell,2103.73912,0.084425,0.084755,0.085534,0.082492,-0.87,Manual,4h 0m,Closed,7 Jun 6:04 PM
BNB/USDT,Smart,Sell,10.055,591.35,590.72,600.46,582.62,0.42,Manual,6h 15m,Closed,7 Jun 5:03 PM
SOL/USDT,Smart,Sell,10.4,64.37,65.04,65.07,63.14,-7.74,SL,2h 19m,Closed,7 Jun 4:30 PM
ADA/USDT,Smart,Sell,5756,0.1613,0.1626,0.1624,0.1600,-8.63,SL,1h 35m,Closed,7 Jun 4:02 PM
ETH/USDT,Agent,Sell,0.108,1635.92,1619.95,1657.90,1598.92,1.55,Manual,4h 0m,Closed,7 Jun 3:02 PM
ADA/USDT,Smart,Sell,10338,0.1659,0.1630,0.1680,0.1630,28.75,TP,3h 2m,Closed,7 Jun 2:10 PM
SOL/USDT,Smart,Sell,43.21,65.64,64.49,66.50,64.52,46.89,TP,3h 4m,Closed,7 Jun 2:10 PM
BTC/USDT,Agent,Sell,0.00286,62263.01,62654.62,63402.19,59672.64,-1.30,Manual,4h 0m,Closed,7 Jun 2:04 PM
DOGE/USDT,Agent,Sell,2107.17772,0.084779,0.084609,0.085981,0.082169,0.18,Manual,4h 0m,Closed,7 Jun 2:04 PM
XRP/USDT,Smart,Sell,1367,1.1622,1.1511,1.1771,1.1421,13.54,Manual,57m,Closed,7 Jun 12:05 PM
ADA/USDT,Smart,Sell,11692,0.1646,0.1660,0.1659,0.1610,-18.50,SL,21m,Closed,7 Jun 11:08 AM
XRP/USDT,Smart,Sell,1510,1.1487,1.1511,1.1615,1.1270,-5.36,Manual,15m,Closed,7 Jun 11:07 AM
SOL/USDT,Smart,Sell,44.14,65.36,65.77,65.78,64.22,-20.78,SL,20m,Closed,7 Jun 11:06 AM
ETH/USDT,Smart,Sell,1.4972,1621.80,1635.62,1636.57,1587.96,-23.14,SL,15m,Closed,7 Jun 11:02 AM
XRP/USDT,Agent,Sell,157,1.1344,1.1411,1.1453,1.0945,-1.23,Manual,48m,Closed,7 Jun 10:51 AM
BNB/USDT,Smart,Sell,4.616,588.97,593.09,594.01,579.87,-21.75,Manual,1h 39m,Closed,7 Jun 10:48 AM
ADA/USDT,Agent,Sell,1112,0.1619,0.1645,0.1637,0.1579,-3.07,SL,3h 53m,Closed,7 Jun 10:47 AM
ETH/USDT,Smart,Sell,2.1653,1608.13,1619.70,1620.33,1572.20,-28.57,SL,3h 27m,Closed,7 Jun 10:46 AM
SOL/USDT,Agent,Sell,2.78,64.41,64.98,65.06,62.75,-1.77,Manual,2h 19m,Closed,7 Jun 10:45 AM
DOGE/USDT,Smart,Sell,38405.84251,0.084462,0.084854,0.084813,0.082294,-18.31,SL,2h 33m,Closed,7 Jun 10:03 AM
BTC/USDT,Agent,Sell,0.00292,61704.47,62344.93,62308.62,60092.11,-2.05,SL,3h 7m,Closed,7 Jun 10:00 AM
XRP/USDT,Agent,Sell,161,1.1188,1.1311,1.1306,1.0904,-2.16,SL,3h 6m,Closed,7 Jun 9:59 AM
BNB/USDT,Agent,Sell,0.306,585.56,588.09,589.03,568.08,-0.95,Manual,1h 39m,Closed,7 Jun 9:08 AM
SOL/USDT,Agent,Sell,2.88,63.04,64.25,64.34,61.49,-3.69,Manual,3h 51m,Closed,7 Jun 8:25 AM
DOGE/USDT,Smart,Sell,54344.05076,0.083355,0.083930,0.083968,0.081474,-35.81,SL,4h 7m,Closed,7 Jun 7:29 AM
BNB/USDT,Smart,Sell,4.534,580.88,585.31,585.90,568.50,-22.77,Manual,4h 5m,Closed,7 Jun 7:29 AM
ETH/USDT,Smart,Sell,1.3178,1590.95,1595.47,1600.06,1576.18,-8.06,Manual,3h 54m,Closed,7 Jun 7:18 AM
ADA/USDT,Smart,Sell,22540,0.1607,0.1618,0.1619,0.1580,-27.89,SL,3h 39m,Closed,7 Jun 6:53 AM
BTC/USDT,Agent,Sell,0.00295,61332.35,61741.68,61705.12,59510.08,-1.39,SL,3h 24m,Closed,7 Jun 6:47 AM
XRP/USDT,Agent,Sell,162,1.1151,1.1179,1.1174,1.0679,-0.63,SL,4m,Closed,7 Jun 3:41 AM
SOL/USDT,Agent,Sell,2.87,63.19,63.59,63.62,61.36,-1.35,SL,15m,Closed,7 Jun 3:35 AM
XRP/USDT,Agent,Sell,166,1.0916,1.1111,1.1101,1.0608,-3.42,SL,1h 7m,Closed,7 Jun 3:35 AM
ETH/USDT,Agent,Sell,0.1166,1561.96,1591.79,1591.48,1520.93,-3.66,SL,55m,Closed,7 Jun 3:23 AM
BNB/USDT,Smart,Sell,2.441,576.17,579.53,580.05,562.82,-9.62,SL,55m,Closed,7 Jun 3:23 AM
BTC/USDT,Smart,Sell,0.03489,61102.68,61389.33,61386.83,59563.46,-12.14,SL,54m,Closed,7 Jun 3:23 AM
DOGE/USDT,Agent,Sell,2231.24711,0.081664,0.082946,0.083047,0.079365,-3.05,Manual,53m,Closed,7 Jun 3:21 AM
SOL/USDT,Agent,Sell,2.93,62.02,63.32,63.05,60.26,-4.02,SL,51m,Closed,7 Jun 3:20 AM
ADA/USDT,Agent,Sell,1161,0.1569,0.1608,0.1591,0.1534,-4.71,SL,45m,Closed,7 Jun 3:13 AM
BTC/USDT,Agent,Sell,0.00299,60761.84,60839.82,61689.84,58954.82,-0.42,Manual,9h 52m,Closed,7 Jun 2:28 AM
BNB/USDT,Agent,Sell,0.316,574.67,574.77,583.01,562.27,-0.21,Manual,9h 52m,Closed,7 Jun 2:28 AM
XRP/USDT,Agent,Sell,165,1.0987,1.0941,1.1200,1.0703,0.58,Manual,9h 53m,Closed,7 Jun 2:28 AM
DOGE/USDT,Agent,Sell,2219.2832,0.081773,0.081842,0.083387,0.079690,-0.33,Manual,9h 53m,Closed,7 Jun 2:28 AM
SOL/USDT,Smart,Sell,8.06,62.12,61.81,62.68,61.19,1.97,Manual,4h 0m,Closed,6 Jun 9:43 PM
ADA/USDT,Agent,Sell,1133,0.1600,0.1576,0.1628,0.1570,2.54,Manual,4h 21m,Closed,6 Jun 8:56 PM
SOL/USDT,Smart,Sell,8.15,61.44,61.93,61.99,60.52,-4.53,SL,20m,Closed,6 Jun 5:43 PM
SOL/USDT,Smart,Sell,8.01,62.50,61.75,63.06,61.56,5.48,Manual,47m,Closed,6 Jun 5:22 PM
XRP/USDT,Agent,Sell,162,1.1067,1.0852,1.1328,1.0826,3.31,Manual,4h 41m,Closed,5 Jun 8:54 PM
DOGE/USDT,Agent,Sell,2213.23354,0.081522,0.080651,0.083450,0.080481,1.75,Manual,3h 39m,Closed,5 Jun 8:52 PM
BTC/USDT,Smart,Sell,0.10319,60631.40,61129.26,61215.51,59758.00,-57.68,Manual,2h 19m,Closed,5 Jun 6:21 PM
SOL/USDT,Smart,Sell,40.74,64.62,63.73,65.58,63.63,33.65,Manual,1h 54m,Closed,5 Jun 6:11 PM
ADA/USDT,Agent,Sell,1128,0.1615,0.1575,0.1635,0.1563,4.33,Manual,1h 42m,Closed,5 Jun 6:06 PM
BNB/USDT,Agent,Sell,0.307,584.35,577.48,602.61,575.89,1.93,Manual,1h 48m,Closed,5 Jun 5:49 PM
ETH/USDT,Smart,Sell,1.4225,1614.67,1595.81,1632.64,1584.15,24.55,Manual,56m,Closed,5 Jun 5:13 PM
DOGE/USDT,Agent,Sell,2150.25056,0.084448,0.082572,0.085585,0.081790,3.86,Manual,1h 28m,Closed,5 Jun 5:12 PM
SOL/USDT,Smart,Sell,22.58,64.31,64.70,64.82,63.28,-10.30,Manual,9m,Closed,5 Jun 4:16 PM
ETH/USDT,Smart,Sell,1.2495,1607.49,1615.33,1613.94,1589.85,-11.81,SL,9m,Closed,5 Jun 4:16 PM
XRP/USDT,Agent,Sell,159,1.1335,1.1092,1.1475,1.0966,3.69,Manual,4h 0m,Closed,5 Jun 4:13 PM
SOL/USDT,Agent,Sell,2.73,65.85,64.50,67.30,64.32,3.49,Manual,22m,Closed,5 Jun 4:06 PM
ETH/USDT,Smart,Sell,1.2737,1630.66,1614.62,1658.38,1609.12,18.38,Manual,15m,Closed,5 Jun 4:06 PM
ADA/USDT,Smart,Sell,7350,0.1618,0.1601,0.1633,0.1594,11.32,Manual,20m,Closed,5 Jun 4:03 PM
BTC/USDT,Smart,Sell,0.06327,61393.79,61104.43,62208.58,60727.42,14.44,Manual,18m,Closed,5 Jun 4:01 PM
BNB/USDT,Agent,Sell,0.302,594.93,585.59,603.03,576.30,2.64,Manual,4h 0m,Closed,5 Jun 4:01 PM
ETH/USDT,Smart,Sell,2.8139,1668.94,1652.93,1696.12,1645.74,40.39,Manual,4h 33m,Closed,5 Jun 3:51 PM
SOL/USDT,Agent,Sell,2.75,65.83,66.00,66.72,64.35,-0.65,Manual,6h 2m,Closed,5 Jun 3:44 PM
DOGE/USDT,Agent,Sell,2143.45534,0.084726,0.084645,0.085710,0.081910,-0.01,Manual,5h 51m,Closed,5 Jun 3:44 PM
BTC/USDT,Smart,Sell,0.08191,62694.48,62280.24,63206.64,61701.72,28.83,Manual,4h 0m,Closed,5 Jun 1:40 PM
ADA/USDT,Agent,Sell,1103,0.1640,0.1648,0.1648,0.1589,-1.06,SL,46m,Closed,5 Jun 12:49 PM
XRP/USDT,Agent,Sell,165,1.1178,1.1361,1.1436,1.0929,-3.21,Manual,4h 0m,Closed,5 Jun 12:13 PM
BNB/USDT,Smart,Sell,5.129,590.12,595.94,595.37,581.19,-32.89,SL,2h 22m,Closed,5 Jun 11:59 AM
ADA/USDT,Smart,Sell,7838,0.1630,0.1640,0.1645,0.1606,-8.90,Manual,12m,Closed,5 Jun 11:31 AM
ETH/USDT,Smart,Sell,2.1425,1665.41,1681.01,1677.21,1637.28,-37.03,SL,2h 32m,Closed,5 Jun 11:18 AM
ADA/USDT,Agent,Sell,1105,0.1642,0.1603,0.1661,0.1602,4.13,TP,39m,Closed,5 Jun 10:24 AM
DOGE/USDT,Agent,Sell,2201.00099,0.083994,0.084924,0.084819,0.081059,-2.23,SL,1h 6m,Closed,5 Jun 9:52 AM
ADA/USDT,Agent,Sell,1132,0.1620,0.1646,0.1642,0.1584,-3.13,SL,55m,Closed,5 Jun 9:43 AM
BTC/USDT,Smart,Sell,0.09591,61594.03,62767.70,62369.00,60884.03,-118.59,SL,1h 23m,Closed,5 Jun 9:40 AM
BNB/USDT,Smart,Sell,2.576,581.77,586.20,587.08,573.10,-12.92,Manual,50m,Closed,5 Jun 9:36 AM
SOL/USDT,Agent,Sell,2.8,64.43,64.85,67.29,64.31,-1.36,Manual,39m,Closed,5 Jun 9:10 AM
BNB/USDT,Smart,Sell,3.616,575.17,583.00,580.46,566.64,-30.42,SL,15m,Closed,5 Jun 8:45 AM
ETH/USDT,Smart,Sell,1.259,1642.18,1665.56,1656.24,1616.81,-31.53,SL,14m,Closed,5 Jun 8:45 AM
DOGE/USDT,Agent,Sell,2165.50399,0.083377,0.083558,0.086582,0.083502,-0.57,TP,10s,Closed,5 Jun 8:39 AM
DOGE/USDT,Agent,Sell,2165.78796,0.083367,0.083558,0.086582,0.083502,-0.59,TP,10s,Closed,5 Jun 8:38 AM
DOGE/USDT,Agent,Sell,2166.08582,0.083381,0.083558,0.086582,0.083502,-0.56,TP,10s,Closed,5 Jun 8:37 AM
DOGE/USDT,Agent,Sell,2166.39388,0.083380,0.083558,0.086582,0.083502,-0.57,TP,10s,Closed,5 Jun 8:36 AM
DOGE/USDT,Agent,Sell,2166.79185,0.083164,0.083558,0.086582,0.083502,-1.03,TP,9s,Closed,5 Jun 8:35 AM
DOGE/USDT,Agent,Sell,2168.95931,0.083146,0.083353,0.086582,0.083502,-0.63,TP,9s,Closed,5 Jun 8:34 AM
DOGE/USDT,Agent,Sell,2169.24615,0.083164,0.083353,0.086582,0.083502,-0.59,TP,9s,Closed,5 Jun 8:33 AM
DOGE/USDT,Agent,Sell,2169.53041,0.083178,0.083353,0.086582,0.083502,-0.56,TP,9s,Closed,5 Jun 8:32 AM
DOGE/USDT,Agent,Sell,2169.89304,0.083146,0.083353,0.086582,0.083502,-0.63,TP,8s,Closed,5 Jun 8:31 AM
DOGE/USDT,Agent,Sell,2172.04117,0.083178,0.083353,0.086582,0.083502,-0.56,TP,9s,Closed,5 Jun 8:30 AM
BNB/USDT,Smart,Sell,2.913,570.64,576.43,575.31,561.61,-18.54,SL,5m,Closed,5 Jun 8:30 AM
ETH/USDT,Smart,Sell,1.0147,1629.27,1644.74,1642.90,1603.78,-17.36,SL,5m,Closed,5 Jun 8:30 AM
SOL/USDT,Agent,Sell,2.81,63.87,64.02,67.29,64.31,-0.61,TP,9s,Closed,5 Jun 8:29 AM
DOGE/USDT,Agent,Sell,2183.317,0.082062,0.082242,0.086582,0.083502,-0.57,TP,9s,Closed,5 Jun 8:29 AM
DOGE/USDT,Agent,Sell,2183.63204,0.082051,0.082242,0.086582,0.083502,-0.60,TP,9s,Closed,5 Jun 8:28 AM
SOL/USDT,Agent,Sell,2.81,63.87,64.02,67.29,64.31,-0.61,TP,10s,Closed,5 Jun 8:27 AM
DOGE/USDT,Agent,Sell,2184.092,0.082040,0.082242,0.086582,0.083502,-0.62,TP,10s,Closed,5 Jun 8:27 AM
DOGE/USDT,Agent,Sell,2184.39686,0.082057,0.082242,0.086582,0.083502,-0.58,TP,10s,Closed,5 Jun 8:26 AM
SOL/USDT,Agent,Sell,2.81,63.87,64.02,67.29,64.31,-0.60,TP,8s,Closed,5 Jun 8:25 AM
DOGE/USDT,Agent,Sell,2184.84753,0.082058,0.082242,0.086582,0.083502,-0.58,TP,8s,Closed,5 Jun 8:25 AM
SOL/USDT,Agent,Sell,2.81,65.06,65.21,67.29,64.31,-0.58,Manual,4m,Closed,5 Jun 8:24 AM
DOGE/USDT,Agent,Sell,2179.15504,0.084113,0.083814,0.086582,0.083502,0.47,Manual,6m,Closed,5 Jun 8:24 AM
ETH/USDT,Smart,Sell,0.9043,1658.07,1661.76,1673.38,1633.54,-4.84,Manual,4m,Closed,5 Jun 8:24 AM
BNB/USDT,Smart,Sell,3.254,577.30,575.58,584.95,571.03,3.74,Manual,7m,Closed,5 Jun 8:24 AM
SOL/USDT,Agent,Sell,2.76,67.90,65.21,67.99,65.57,7.25,TP,1h 16m,Closed,5 Jun 8:19 AM
ETH/USDT,Smart,Sell,1.4116,1672.89,1661.76,1686.79,1661.62,13.37,TP,16m,Closed,5 Jun 8:19 AM
DOGE/USDT,Agent,Sell,2147.61389,0.086200,0.084314,0.087548,0.084434,3.87,TP,1h 3m,Closed,5 Jun 8:17 AM
BNB/USDT,Agent,Sell,0.309,597.16,581.47,608.50,581.52,4.67,TP,1h 4m,Closed,5 Jun 8:17 AM
BTC/USDT,Agent,Sell,0.00292,63278.62,62463.40,64216.76,61932.37,2.20,Manual,1h 4m,Closed,5 Jun 8:17 AM
XRP/USDT,Smart,Sell,1277,1.1227,1.1211,1.1368,1.1198,0.64,Manual,29m,Closed,5 Jun 8:11 AM
ETH/USDT,Agent,Sell,0.1082,1676.02,1677.70,1742.37,1680.39,-0.36,TP,2s,Closed,5 Jun 8:03 AM
ETH/USDT,Agent,Sell,0.1069,1729.42,1680.08,1762.81,1684.66,5.09,TP,49m,Closed,5 Jun 8:03 AM
XRP/USDT,Smart,Sell,1444,1.1400,1.1339,1.1488,1.1317,7.14,Manual,2h 55m,Closed,5 Jun 7:42 AM
DOGE/USDT,Agent,Sell,2099.60943,0.087423,0.086406,0.089670,0.085695,1.95,Manual,4h 0m,Closed,5 Jun 7:14 AM
BTC/USDT,Agent,Sell,0.0029,63093.30,63432.93,64749.29,61878.63,-1.17,Manual,4h 0m,Closed,5 Jun 7:13 AM
BNB/USDT,Agent,Sell,0.306,597.39,598.60,615.16,587.88,-0.55,Manual,4h 0m,Closed,5 Jun 7:13 AM
ETH/USDT,Agent,Sell,0.1048,1749.97,1733.74,1795.92,1716.29,1.52,Manual,4h 0m,Closed,5 Jun 7:13 AM
SOL/USDT,Agent,Sell,2.76,67.78,68.03,67.99,65.57,-0.88,SL,1m,Closed,5 Jun 7:03 AM
SOL/USDT,Agent,Sell,2.76,67.81,68.01,68.05,65.03,-0.74,SL,30m,Closed,5 Jun 7:00 AM
SOL/USDT,Agent,Sell,2.77,66.77,67.96,67.84,65.43,-3.48,SL,28m,Closed,5 Jun 6:30 AM
SOL/USDT,Agent,Sell,10.4,68.06,66.94,69.97,66.87,10.98,TP,2h 48m,Closed,5 Jun 6:02 AM
XRP/USDT,Smart,Sell,471,1.1361,1.1439,1.1429,1.1258,-4.21,SL,2m,Closed,5 Jun 4:46 AM
XRP/USDT,Smart,Sell,495,1.1496,1.1412,1.1568,1.1395,3.59,Manual,28m,Closed,5 Jun 4:43 AM
XRP/USDT,Smart,Sell,591,1.1673,1.1524,1.1861,1.1509,8.14,Manual,1h 43m,Closed,5 Jun 4:14 AM
SOL/USDT,Agent,Sell,2.68,68.65,68.20,70.14,67.03,1.02,Manual,4h 0m,Closed,5 Jun 3:13 AM
DOGE/USDT,Agent,Sell,2087.83761,0.088662,0.087638,0.090081,0.086088,1.96,Manual,4h 0m,Closed,5 Jun 3:13 AM
ETH/USDT,Agent,Sell,0.1042,1775.30,1754.33,1799.06,1735.06,2.00,Manual,4h 0m,Closed,5 Jun 3:12 AM
BNB/USDT,Agent,Sell,0.305,605.41,598.88,613.49,591.67,1.81,Manual,4h 0m,Closed,5 Jun 3:12 AM
BTC/USDT,Agent,Sell,0.0029,63656.52,63240.36,64512.41,62217.51,1.02,Manual,4h 0m,Closed,5 Jun 3:12 AM
XRP/USDT,Smart,Sell,436,1.1666,1.1749,1.1743,1.1568,-4.13,SL,19m,Closed,5 Jun 2:31 AM
ADA/USDT,Agent,Sell,990,0.1862,0.1834,0.1900,0.1832,2.59,Manual,4h 35m,Closed,4 Jun 11:12 PM
BTC/USDT,Agent,Sell,0.00291,63600.94,63805.70,64371.52,61517.61,-0.78,Manual,4h 19m,Closed,4 Jun 11:12 PM
BNB/USDT,Agent,Sell,0.306,603.94,606.84,613.17,585.98,-1.07,Manual,4h 20m,Closed,4 Jun 11:12 PM
ETH/USDT,Agent,Sell,0.1042,1772.35,1779.62,1799.31,1719.53,-0.94,Manual,4h 30m,Closed,4 Jun 11:12 PM
XRP/USDT,Agent,Sell,159,1.1583,1.1765,1.1826,1.1301,-3.08,Manual,4h 35m,Closed,4 Jun 11:12 PM
DOGE/USDT,Smart,Sell,33010.19778,0.089243,0.088750,0.090506,0.087818,13.34,Manual,4h 0m,Closed,4 Jun 8:14 PM
SOL/USDT,Smart,Sell,49.57,69.64,69.20,70.48,68.80,18.50,Manual,4h 0m,Closed,4 Jun 7:34 PM
BTC/USDT,Agent,Sell,0.00291,63760.95,63749.73,64415.86,61559.99,-0.15,Manual,4h 0m,Closed,4 Jun 6:52 PM
BNB/USDT,Smart,Sell,4.337,603.24,605.27,609.25,591.16,-11.46,Manual,4h 0m,Closed,4 Jun 6:51 PM
ETH/USDT,Smart,Sell,1.2726,1772.21,1776.38,1792.76,1739.51,-7.56,Manual,4h 0m,Closed,4 Jun 6:41 PM
XRP/USDT,Smart,Sell,1593,1.1768,1.1612,1.1884,1.1601,22.98,TP,3h 44m,Closed,4 Jun 6:35 PM
ADA/USDT,Agent,Sell,964,0.1915,0.1879,0.1944,0.1875,3.29,Manual,3h 23m,Closed,4 Jun 6:14 PM
DOGE/USDT,Smart,Sell,44972.91686,0.088767,0.089700,0.089567,0.086906,-45.99,SL,1h 46m,Closed,4 Jun 4:13 PM
SOL/USDT,Smart,Sell,17.43,69.08,69.99,69.70,68.04,-17.14,SL,10m,Closed,4 Jun 3:33 PM
SOL/USDT,Smart,Sell,27.81,69.86,69.22,70.29,69.24,15.88,TP,44m,Closed,4 Jun 3:23 PM
BNB/USDT,Agent,Sell,0.316,597.85,603.82,602.64,581.20,-2.08,SL,24m,Closed,4 Jun 2:50 PM
BTC/USDT,Smart,Sell,0.02633,63215.88,63904.65,63831.77,61935.77,-19.82,SL,25m,Closed,4 Jun 2:50 PM
XRP/USDT,Smart,Sell,1224,1.1722,1.1802,1.1785,1.1609,-11.26,SL,13m,Closed,4 Jun 2:50 PM
ETH/USDT,Smart,Sell,1.3265,1765.75,1776.79,1774.21,1747.73,-17.00,SL,9m,Closed,4 Jun 2:40 PM
ADA/USDT,Smart,Sell,10702,0.1885,0.1915,0.1902,0.1857,-34.50,SL,1h 49m,Closed,4 Jun 2:38 PM
SOL/USDT,Smart,Sell,12.48,69.21,70.01,69.63,68.59,-10.85,SL,28s,Closed,4 Jun 2:37 PM
XRP/USDT,Agent,Sell,162,1.1678,1.1706,1.1698,1.1179,-0.64,SL,4m,Closed,4 Jun 2:35 PM
SOL/USDT,Smart,Sell,43.48,68.27,69.35,68.98,66.93,-50.00,SL,3h 18m,Closed,4 Jun 2:32 PM
XRP/USDT,Agent,Sell,163,1.1644,1.1672,1.1663,1.1248,-0.65,SL,4m,Closed,4 Jun 2:30 PM
ETH/USDT,Smart,Sell,1.0393,1756.23,1763.95,1762.88,1736.57,-9.86,SL,24m,Closed,4 Jun 2:30 PM
DOGE/USDT,Agent,Sell,2181.04148,0.087509,0.088108,0.088361,0.084443,-1.50,Manual,50m,Closed,4 Jun 2:26 PM
XRP/USDT,Smart,Sell,2505,1.1503,1.1672,1.1620,1.1344,-45.29,SL,3h 8m,Closed,4 Jun 2:25 PM
BTC/USDT,Smart,Sell,0.02632,62263.86,63262.97,62819.23,61323.53,-27.96,SL,1h 36m,Closed,4 Jun 2:25 PM
ETH/USDT,Smart,Sell,0.8322,1737.10,1755.86,1753.03,1711.29,-17.07,SL,1h 16m,Closed,4 Jun 2:05 PM
DOGE/USDT,Agent,Sell,2114.96318,0.089058,0.087728,0.090264,0.086262,2.63,Manual,4h 0m,Closed,4 Jun 1:36 PM
BNB/USDT,Agent,Sell,0.312,600.97,591.30,612.12,584.98,2.83,Manual,4h 0m,Closed,4 Jun 1:21 PM
BTC/USDT,Smart,Sell,0.02775,62922.47,62652.59,63379.33,62433.37,5.75,Manual,1h 26m,Closed,4 Jun 12:48 PM
ETH/USDT,Smart,Sell,2.0839,1764.71,1758.65,1788.19,1745.62,8.96,Manual,3h 25m,Closed,4 Jun 12:48 PM
ADA/USDT,Agent,Sell,984,0.1913,0.1886,0.1955,0.1885,2.47,TP,25m,Closed,4 Jun 11:34 AM
BTC/USDT,Smart,Sell,0.04816,63380.17,63177.11,64061.72,63105.57,6.74,Manual,1h 46m,Closed,4 Jun 11:21 AM
XRP/USDT,Smart,Sell,2607,1.1709,1.1540,1.1885,1.1532,41.15,TP,1h 58m,Closed,4 Jun 11:16 AM
SOL/USDT,Smart,Sell,20.72,68.88,68.52,69.44,68.40,6.03,Manual,1h 1m,Closed,4 Jun 11:13 AM
ADA/USDT,Smart,Sell,4602,0.1938,0.1927,0.1950,0.1921,4.18,Manual,47m,Closed,4 Jun 11:08 AM
ADA/USDT,Smart,Sell,6177,0.1928,0.1932,0.1940,0.1911,-3.86,Manual,5m,Closed,4 Jun 10:20 AM
ADA/USDT,Smart,Sell,14063,0.1961,0.1943,0.1988,0.1940,23.23,Manual,3h 5m,Closed,4 Jun 10:15 AM
SOL/USDT,Smart,Sell,25.9,70.05,69.36,71.16,69.05,15.98,Manual,2h 35m,Closed,4 Jun 10:11 AM
DOGE/USDT,Agent,Sell,2058.92736,0.090613,0.089246,0.091873,0.088605,2.63,Manual,4h 0m,Closed,4 Jun 9:36 AM
BTC/USDT,Smart,Sell,0.04953,64008.10,63806.74,64927.85,62999.30,6.81,Manual,4h 0m,Closed,4 Jun 9:35 AM
ETH/USDT,Smart,Sell,1.1277,1798.74,1781.94,1829.03,1774.70,16.94,Manual,3h 16m,Closed,4 Jun 9:22 AM
BNB/USDT,Agent,Sell,0.305,614.60,602.28,620.44,598.37,3.57,Manual,4h 0m,Closed,4 Jun 9:21 AM
XRP/USDT,Smart,Sell,2261,1.2003,1.1807,1.2148,1.1787,41.63,Manual,3h 58m,Closed,4 Jun 9:18 AM
SOL/USDT,Smart,Sell,17.22,69.91,70.15,70.34,69.29,-5.31,Manual,20m,Closed,4 Jun 7:35 AM
SOL/USDT,Smart,Sell,31.02,71.26,70.41,71.96,70.25,24.23,Manual,1h 38m,Closed,4 Jun 7:14 AM
ADA/USDT,Smart,Sell,6375,0.2007,0.1986,0.2025,0.1977,11.94,Manual,1h 2m,Closed,4 Jun 7:09 AM
ADA/USDT,Smart,Sell,8976,0.1983,0.2000,0.2001,0.1953,-17.24,SL,31m,Closed,4 Jun 6:06 AM
ETH/USDT,Smart,Sell,1.3586,1795.32,1809.42,1809.32,1755.58,-21.61,SL,56m,Closed,4 Jun 6:06 AM
SOL/USDT,Smart,Sell,31.62,70.70,71.11,71.32,69.62,-15.21,Manual,25m,Closed,4 Jun 5:35 AM
BTC/USDT,Smart,Sell,0.04701,63425.81,63934.87,63995.62,62094.76,-26.94,SL,51m,Closed,4 Jun 5:34 AM
ADA/USDT,Smart,Sell,9204,0.1964,0.1981,0.1983,0.1935,-17.03,SL,25m,Closed,4 Jun 5:34 AM
DOGE/USDT,Agent,Sell,2102.43234,0.089977,0.090568,0.090680,0.087454,-1.43,Manual,13m,Closed,4 Jun 5:22 AM
XRP/USDT,Smart,Sell,1444,1.1886,1.2012,1.2019,1.1662,-19.97,SL,10m,Closed,4 Jun 5:19 AM
BNB/USDT,Agent,Sell,0.311,612.38,615.98,614.19,586.96,-1.31,SL,9m,Closed,4 Jun 5:19 AM
SOL/USDT,Smart,Sell,15.56,69.77,70.36,70.31,68.63,-10.27,SL,36m,Closed,4 Jun 5:09 AM
ETH/USDT,Smart,Sell,1.5495,1770.16,1777.09,1786.25,1733.19,-13.49,Manual,39m,Closed,4 Jun 5:09 AM
XRP/USDT,Agent,Sell,163,1.1601,1.1812,1.1849,1.1427,-3.63,Manual,1h 17m,Closed,4 Jun 5:08 AM
BNB/USDT,Smart,Sell,3.89,606.17,608.79,612.54,594.35,-12.54,Manual,38m,Closed,4 Jun 5:08 AM
ADA/USDT,Smart,Sell,9188,0.1948,0.1953,0.1965,0.1918,-6.52,Manual,31m,Closed,4 Jun 5:08 AM
DOGE/USDT,Agent,Sell,2158.15086,0.088869,0.089193,0.089157,0.085986,-0.89,SL,15m,Closed,4 Jun 4:45 AM
BTC/USDT,Smart,Sell,0.0735,62397.42,63156.09,63264.38,61385.24,-60.40,Manual,1h 17m,Closed,4 Jun 4:42 AM
ADA/USDT,Smart,Sell,12478,0.1929,0.1945,0.1945,0.1899,-21.86,SL,13m,Closed,4 Jun 4:36 AM
SOL/USDT,Smart,Sell,15.63,69.06,69.20,69.68,68.02,-3.32,Manual,4m,Closed,4 Jun 4:33 AM
DOGE/USDT,Smart,Sell,25401.83047,0.087723,0.088241,0.088380,0.085755,-15.41,Manual,15m,Closed,4 Jun 4:29 AM
SOL/USDT,Smart,Sell,20.26,68.42,68.56,69.04,67.39,-4.29,Manual,4m,Closed,4 Jun 4:28 AM
ETH/USDT,Agent,Sell,0.1098,1751.45,1755.31,1762.78,1700.07,-0.62,Manual,4m,Closed,4 Jun 4:27 AM
BNB/USDT,Agent,Sell,0.321,599.57,602.04,605.62,584.08,-0.99,Manual,15m,Closed,4 Jun 4:27 AM
SOL/USDT,Smart,Sell,43.05,68.04,68.29,68.41,67.39,-13.59,Manual,20m,Closed,4 Jun 4:23 AM
ETH/USDT,Smart,Sell,1.0176,1737.30,1745.91,1746.70,1720.63,-10.53,SL,15m,Closed,4 Jun 4:22 AM
DOGE/USDT,Smart,Sell,16717.80258,0.086703,0.086886,0.087667,0.085063,-4.51,Manual,3m,Closed,4 Jun 4:13 AM
BNB/USDT,Smart,Sell,2.019,593.56,594.78,597.16,588.25,-3.68,Manual,5m,Closed,4 Jun 4:11 AM
DOGE/USDT,Agent,Sell,2152.98654,0.086695,0.086782,0.090564,0.087342,-0.37,TP,17s,Closed,4 Jun 4:10 AM
ADA/USDT,Smart,Sell,7341,0.1886,0.1890,0.1903,0.1858,-4.32,Manual,3m,Closed,4 Jun 4:10 AM
DOGE/USDT,Agent,Sell,2153.17641,0.086674,0.086761,0.090564,0.087342,-0.37,TP,16s,Closed,4 Jun 4:09 AM
DOGE/USDT,Agent,Sell,2158.5675,0.088462,0.087598,0.090564,0.087342,1.68,Manual,10m,Closed,4 Jun 4:08 AM
ETH/USDT,Smart,Sell,1.0289,1754.34,1759.23,1764.54,1738.20,-6.84,Manual,10m,Closed,4 Jun 4:06 AM
ADA/USDT,Agent,Sell,991,0.1886,0.1888,0.1969,0.1899,-0.39,TP,18s,Closed,4 Jun 4:06 AM
BNB/USDT,Smart,Sell,4.373,605.15,601.89,611.82,597.25,11.60,Manual,40m,Closed,4 Jun 4:06 AM
ADA/USDT,Agent,Sell,3850,0.1937,0.1921,0.1996,0.1907,5.32,Manual,41m,Closed,4 Jun 4:05 AM
SOL/USDT,Smart,Sell,33.83,69.30,68.70,70.16,68.08,18.14,Manual,35m,Closed,4 Jun 4:02 AM
DOGE/USDT,Agent,Sell,2049.60518,0.091244,0.089441,0.092566,0.089273,3.51,Manual,2h 17m,Closed,4 Jun 3:57 AM
ETH/USDT,Smart,Sell,1.2669,1774.31,1768.89,1784.38,1757.75,4.63,Manual,35m,Closed,4 Jun 3:56 AM
XRP/USDT,Agent,Sell,156,1.1998,1.1733,1.2179,1.1639,3.95,Manual,2h 10m,Closed,4 Jun 3:50 AM
SOL/USDT,Agent,Sell,2.61,71.44,69.99,72.75,69.52,3.60,Manual,1h 46m,Closed,4 Jun 3:26 AM
BTC/USDT,Agent,Sell,0.00292,1921.80,62638.00,66623.40,62704.37,-177.47,TP,5h 0m,Closed,4 Jun 3:25 AM
BNB/USDT,Smart,Sell,0.884,613.34,608.77,617.02,607.81,3.50,Manual,23m,Closed,4 Jun 3:25 AM
ADA/USDT,Agent,Sell,935,0.1999,0.1941,0.2035,0.1945,5.24,TP,1h 43m,Closed,4 Jun 3:24 AM
ETH/USDT,Smart,Sell,0.3015,1793.63,1786.26,1804.41,1777.48,1.68,Manual,46m,Closed,4 Jun 3:20 AM
BNB/USDT,Smart,Sell,0.83,619.39,614.42,622.89,613.59,3.61,Manual,53m,Closed,4 Jun 2:54 AM
ETH/USDT,Smart,Sell,0.2981,1812.14,1798.09,1823.02,1795.81,3.65,Manual,32m,Closed,4 Jun 2:33 AM
ETH/USDT,Agent,Sell,0.1032,1836.01,1843.67,1842.99,1761.28,-0.98,SL,16m,Closed,4 Jun 12:01 AM
ETH/USDT,Agent,Sell,0.1039,1776.36,1836.22,1829.58,1748.46,-6.22,SL,47m,Closed,3 Jun 11:43 PM
ETH/USDT,Agent,Sell,0.1047,1820.00,1776.66,1845.68,1780.02,4.54,TP,1h 10m,Closed,3 Jun 10:55 PM
BTC/USDT,Agent,Sell,0.00283,66155.23,65829.76,67555.00,64559.95,0.73,Manual,4h 0m,Closed,3 Jun 9:45 PM
ETH/USDT,Agent,Sell,0.1016,1838.91,1821.82,1876.36,1809.61,1.55,Manual,4h 0m,Closed,3 Jun 9:45 PM
DOGE/USDT,Smart,Sell,18460.25138,0.092826,0.092653,0.093920,0.091130,1.49,Manual,4h 0m,Closed,3 Jun 9:44 PM
XRP/USDT,Smart,Sell,1708.5,1.2221,1.2137,1.2337,1.1971,12.30,Manual,4h 0m,Closed,3 Jun 9:44 PM
SOL/USDT,Smart,Sell,37.975,73.37,72.10,74.19,71.99,45.55,Manual,3h 47m,Closed,3 Jun 9:31 PM
ADA/USDT,Smart,Sell,13384.3,0.2118,0.2083,0.2144,0.2081,43.83,Manual,42m,Closed,3 Jun 6:26 PM
BNB/USDT,Smart,Sell,3.519,632.01,622.97,640.95,621.91,29.63,Manual,40m,Closed,3 Jun 6:24 PM
ETH/USDT,Agent,Sell,0.0973,1992.01,1862.26,2068.19,1772.73,0.00,Manual,131h 12m,Closed,3 Jun 3:35 AM
BTC/USDT,Agent,Sell,0.00276,67290.96,66565.00,69250.71,66180.48,1.82,Manual,7h 26m,Closed,3 Jun 1:02 AM
BNB/USDT,Agent,Sell,0.279,669.92,652.72,689.47,648.91,4.62,Manual,7h 47m,Closed,3 Jun 12:52 AM
SOL/USDT,Smart,Sell,2.442,77.06,76.04,77.84,75.53,2.31,Manual,4h 0m,Closed,2 Jun 9:05 PM
DOGE/USDT,Agent,Sell,1010,0.096100,0.094520,0.099054,0.094662,1.50,TP,1h 25m,Closed,2 Jun 5:54 PM
SOL/USDT,Agent,Buy,2.43,77.02,76.08,76.38,79.87,-2.47,SL,51m,Closed,2 Jun 5:54 PM
BTC/USDT,Smart,Sell,0.08115,68143.55,67379.91,69337.61,67278.08,61.97,Manual,1h 26m,Closed,2 Jun 5:31 PM
BNB/USDT,Agent,Sell,0.278,690.44,668.91,700.11,669.07,5.99,TP,25h 52m,Closed,2 Jun 5:04 PM
DOGE/USDT,Agent,Sell,1010,0.098450,0.095960,0.099672,0.096126,2.51,TP,2h 8m,Closed,2 Jun 4:29 PM
BTC/USDT,Agent,Sell,0.00268,71528.00,68666.01,73001.75,68707.53,7.67,TP,23h 34m,Closed,2 Jun 4:03 PM
ETH/USDT,Smart,Buy,0.2383,1976.01,1977.07,1966.03,1995.67,0.25,Manual,4h 0m,Closed,2 Jun 3:06 PM
DOGE/USDT,Agent,Sell,1010,0.100910,0.098440,0.102104,0.098472,2.49,TP,12h 29m,Closed,2 Jun 2:18 PM
ETH/USDT,Smart,Buy,0.2376,1982.32,1974.82,1973.05,2002.79,-1.78,SL,46m,Closed,2 Jun 11:04 AM
DOGE/USDT,Agent,Sell,1946,0.098870,0.100960,0.100163,0.095722,-4.07,SL,9h 18m,Closed,2 Jun 1:46 AM
ADA/USDT,Smart,Sell,6377.6,0.2282,0.2306,0.2322,0.2253,-16.70,Manual,4h 0m,Closed,1 Jun 7:33 PM
XRP/USDT,Smart,Sell,1117.9,1.2891,1.3002,1.3122,1.2732,-13.82,Manual,4h 0m,Closed,1 Jun 7:32 PM
BTC/USDT,Agent,Sell,0.00261,73559.98,71547.07,74290.93,71648.17,5.25,TP,61h 17m,Closed,1 Jun 4:27 PM
DOGE/USDT,Smart,Sell,4810,0.099670,0.098690,0.100153,0.098658,4.24,TP,42m,Closed,1 Jun 4:15 PM
ADA/USDT,Agent,Sell,808,0.2383,0.2296,0.2401,0.2316,7.03,TP,58h 56m,Closed,1 Jun 3:11 PM
XRP/USDT,Agent,Sell,141,1.3616,1.3007,1.3793,1.3181,8.59,TP,58h 55m,Closed,1 Jun 3:11 PM
SOL/USDT,Agent,Buy,2.33,83.14,80.74,80.82,84.52,-5.78,SL,64h 18m,Closed,1 Jun 9:57 AM
ADA/USDT,Smart,Buy,2059,0.2328,0.2335,0.2309,0.2365,0.99,Manual,4h 0m,Closed,31 May 11:06 PM
BNB/USDT,Smart,Buy,0.676,707.51,709.16,702.83,719.84,0.64,Manual,4h 0m,Closed,31 May 10:40 PM
DOGE/USDT,Smart,Buy,4808,0.099710,0.099501,0.098703,0.101694,-1.48,Manual,4h 0m,Closed,31 May 10:15 PM
SOL/USDT,Smart,Sell,4.945,82.05,81.66,82.92,80.46,1.52,Manual,4h 0m,Closed,31 May 8:41 PM
DOGE/USDT,Smart,Sell,4796,0.099960,0.099290,0.100960,0.097961,2.74,Manual,4h 0m,Closed,31 May 8:21 PM
BTC/USDT,Smart,Buy,0.00654,73322.78,73570.00,72488.79,74685.42,1.14,Manual,51h 52m,Closed,31 May 6:25 PM
ETH/USDT,Smart,Buy,0.2388,2013.75,2005.37,1987.09,2047.30,-2.48,Manual,44h 53m,Closed,31 May 6:25 PM
ADA/USDT,Smart,Buy,2037,0.2353,0.2333,0.2333,0.2390,-4.07,SL,29h 50m,Closed,31 May 6:14 PM
BNB/USDT,Smart,Buy,0.658,727.60,719.37,720.27,742.10,-5.42,SL,34m,Closed,31 May 4:38 PM
DOGE/USDT,Smart,Sell,3847,0.101450,0.099830,0.102302,0.099866,6.23,TP,35h 31m,Closed,31 May 4:20 PM
BNB/USDT,Smart,Buy,0.662,723.35,721.07,720.19,731.05,-1.99,Manual,17m,Closed,31 May 12:52 PM
BNB/USDT,Smart,Buy,0.662,723.20,718.79,719.94,730.80,-3.40,SL,1h 24m,Closed,31 May 11:58 AM
XRP/USDT,Smart,Buy,357,1.3411,1.3400,1.3343,1.3544,-0.87,Manual,23h 40m,Closed,31 May 9:25 AM
BNB/USDT,Agent,Buy,0.295,655.34,689.77,631.06,689.61,10.16,TP,228h 55m,Closed,30 May 5:23 PM
BNB/USDT,Smart,Sell,0.712,673.68,676.01,675.97,665.88,-1.66,SL,2h 49m,Closed,30 May 12:24 PM
ADA/USDT,Smart,Buy,2032,0.2359,0.2348,0.2346,0.2382,-2.24,SL,57m,Closed,30 May 9:44 AM
BNB/USDT,Smart,Sell,0.717,667.68,671.84,671.74,661.72,-2.98,SL,1h 7m,Closed,30 May 9:27 AM
DOGE/USDT,Smart,Buy,4780,0.100320,0.101410,0.099898,0.101404,5.21,TP,1h 37m,Closed,30 May 8:12 AM
BNB/USDT,Smart,Sell,0.728,658.47,665.00,665.05,645.30,-5.24,SL,2h 30m,Closed,30 May 7:59 AM
ADA/USDT,Smart,Buy,2037,0.2345,0.2342,0.2341,0.2377,-0.61,SL,7m,Closed,30 May 6:34 AM
ADA/USDT,Smart,Buy,2024,0.2363,0.2352,0.2344,0.2415,-2.23,Manual,41m,Closed,30 May 6:27 AM
ADA/USDT,Smart,Buy,2011,0.2384,0.2369,0.2369,0.2405,-3.02,SL,43m,Closed,30 May 5:38 AM
BNB/USDT,Smart,Sell,0.729,656.80,660.38,660.30,650.44,-2.61,SL,21m,Closed,30 May 5:10 AM
ADA/USDT,Agent,Buy,824,0.2329,0.2383,0.2299,0.2383,4.45,TP,35h 47m,Closed,30 May 4:15 AM
XRP/USDT,Agent,Buy,145,1.3315,1.3546,1.3031,1.3506,3.35,TP,9h 29m,Closed,30 May 3:09 AM
DOGE/USDT,Agent,Sell,1928,0.099730,0.101110,0.100552,0.096975,-2.66,SL,22h 29m,Closed,29 May 5:39 PM
SOL/USDT,Agent,Buy,2.36,81.23,83.10,80.21,83.13,4.41,TP,25h 12m,Closed,29 May 5:39 PM
BNB/USDT,Smart,Sell,0.753,636.54,642.85,642.87,623.77,-4.75,SL,13h 54m,Closed,29 May 5:36 PM
DOGE/USDT,Smart,Buy,4863,0.098560,0.097550,0.097594,0.100552,-4.91,SL,1h 25m,Closed,29 May 4:26 PM
ETH/USDT,Smart,Buy,0.2394,2002.46,1987.05,1986.43,2034.49,-3.69,SL,1h 51m,Closed,29 May 4:23 PM
XRP/USDT,Smart,Buy,366,1.3091,1.2984,1.2992,1.3306,-3.92,SL,11h 54m,Closed,29 May 3:34 PM
DOGE/USDT,Smart,Buy,4819,0.099440,0.098620,0.098574,0.101561,-3.95,SL,6h 4m,Closed,29 May 2:39 PM
BTC/USDT,Smart,Buy,0.00651,73694.81,73273.00,73272.79,74377.40,-3.22,SL,6h 23m,Closed,29 May 2:28 PM
ETH/USDT,Smart,Buy,0.2372,2020.49,2002.00,2000.29,2060.90,-4.39,SL,5h 49m,Closed,29 May 2:12 PM
ETH/USDT,Smart,Buy,0.2396,2000.63,2020.30,1989.23,2019.22,4.71,TP,2h 4m,Closed,29 May 8:23 AM
BTC/USDT,Smart,Sell,0.00652,73499.99,73820.01,73795.14,72693.72,-2.09,SL,4h 40m,Closed,29 May 8:22 AM
ADA/USDT,Smart,Sell,2041,0.2347,0.2361,0.2361,0.2326,-2.86,SL,57m,Closed,29 May 8:04 AM
SOL/USDT,Smart,Sell,5.88,81.59,81.89,81.89,80.67,-1.76,SL,35m,Closed,29 May 6:58 AM
DOGE/USDT,Smart,Buy,4820,0.099470,0.098950,0.098970,0.100462,-2.51,SL,1h 14m,Closed,29 May 4:54 AM
ETH/USDT,Smart,Buy,0.2388,2007.26,2000.00,1997.21,2027.32,-1.73,Manual,1h 12m,Closed,29 May 4:54 AM
BTC/USDT,Smart,Sell,0.01441,73236.85,73842.35,73820.86,72063.22,-8.73,SL,17h 46m,Closed,28 May 11:41 PM
ADA/USDT,Smart,Sell,1875.5,0.2328,0.2351,0.2352,0.2282,-4.31,SL,3h 37m,Closed,28 May 8:00 PM
DOGE/USDT,Agent,Sell,1953,0.098570,0.099690,0.099632,0.095215,-2.19,SL,1h 20m,Closed,28 May 7:09 PM
SOL/USDT,Smart,Sell,4.975,81.12,82.11,82.09,79.65,-4.93,SL,2h 32m,Closed,28 May 6:56 PM
DOGE/USDT,Smart,Buy,4941,0.098010,0.098920,0.096050,0.098960,4.50,TP,2h 19m,Closed,28 May 6:35 PM
BNB/USDT,Smart,Sell,0.755,634.76,637.58,637.77,628.25,-2.13,SL,12h 21m,Closed,28 May 6:24 PM
XRP/USDT,Agent,Sell,147,1.3027,1.3138,1.3123,1.2656,-1.63,SL,1h 24m,Closed,28 May 5:48 PM
SOL/USDT,Agent,Sell,2.25,85.45,81.23,86.26,83.19,9.50,TP,139h 26m,Closed,28 May 4:22 PM
ADA/USDT,Agent,Sell,784,0.2457,0.2332,0.2480,0.2392,9.80,TP,139h 26m,Closed,28 May 4:22 PM
ETH/USDT,Agent,Sell,0.0904,2066.67,1991.23,2186.48,1995.43,6.82,TP,138h 50m,Closed,28 May 4:22 PM
XRP/USDT,Smart,Sell,371,1.2892,1.3023,1.3024,1.2637,-4.86,SL,10h 44m,Closed,28 May 4:16 PM
DOGE/USDT,Smart,Buy,4945,0.097020,0.097940,0.096465,0.097920,4.55,TP,6m,Closed,28 May 4:14 PM
BTC/USDT,Smart,Buy,0.00656,73068.70,72705.58,72703.36,73799.39,-2.38,SL,9h 32m,Closed,28 May 4:06 PM
DOGE/USDT,Smart,Buy,4902,0.097960,0.096890,0.097012,0.099359,-5.25,SL,45m,Closed,28 May 4:06 PM
DOGE/USDT,Smart,Sell,4424,0.098540,0.097630,0.099033,0.097555,4.03,TP,3h 15m,Closed,28 May 2:21 PM
ETH/USDT,Smart,Buy,0.2429,1971.35,1993.05,1963.53,1993.13,5.27,TP,3h 31m,Closed,28 May 9:35 AM
ADA/USDT,Smart,Buy,2074,0.2312,0.2298,0.2299,0.2334,-2.90,SL,16m,Closed,28 May 6:22 AM
ETH/USDT,Smart,Buy,0.2421,1979.22,1971.34,1971.56,2001.28,-1.91,SL,34s,Closed,28 May 6:02 AM
BNB/USDT,Smart,Sell,0.744,643.57,633.54,648.73,633.28,7.46,TP,46m,Closed,28 May 6:02 AM
DOGE/USDT,Smart,Sell,4424,0.098940,0.098100,0.099425,0.097941,3.72,Manual,26m,Closed,28 May 6:02 AM
BTC/USDT,Smart,Sell,0.00641,74700.87,73231.69,75451.05,73209.93,9.42,TP,5h 50m,Closed,28 May 5:54 AM
ADA/USDT,Smart,Buy,2042,0.2347,0.2327,0.2328,0.2385,-4.08,SL,23m,Closed,28 May 5:53 AM
XRP/USDT,Smart,Sell,366,1.3076,1.2866,1.3182,1.2868,7.69,TP,4h 6m,Closed,28 May 5:18 AM
DOGE/USDT,Smart,Sell,4424,0.100720,0.099660,0.101183,0.099673,4.69,TP,4h 51m,Closed,28 May 5:17 AM
DOGE/USDT,Smart,Buy,4763,0.100660,0.099650,0.099673,0.102694,-4.81,SL,4h 47m,Closed,28 May 5:17 AM
BNB/USDT,Smart,Sell,0.733,653.73,643.73,658.96,643.27,7.33,TP,6h 28m,Closed,28 May 5:16 AM
XRP/USDT,Smart,Sell,360,1.3302,1.3094,1.3408,1.3089,7.49,TP,2h 24m,Closed,28 May 1:12 AM
BTC/USDT,Smart,Sell,0.00637,75262.00,74465.95,75650.87,74521.76,5.07,TP,56m,Closed,27 May 11:44 PM
SOL/USDT,Smart,Buy,5.71,83.84,83.15,82.99,85.51,-3.94,Manual,53m,Closed,27 May 11:40 PM
DOGE/USDT,Smart,Buy,4693,0.102160,0.101650,0.101639,0.103172,-2.39,SL,45m,Closed,27 May 11:33 PM
BNB/USDT,Smart,Sell,0.732,654.54,657.36,657.57,647.76,-2.06,SL,10h 30m,Closed,27 May 5:37 PM
BTC/USDT,Smart,Sell,0.0063,76037.69,74980.00,76624.63,74800.24,6.66,Manual,17h 48m,Closed,27 May 3:48 PM
BTC/USDT,Smart,Buy,0.00631,75895.91,75212.00,75135.07,77411.89,-4.32,Manual,19h 54m,Closed,27 May 3:29 PM
XRP/USDT,Smart,Sell,358,1.3367,1.3260,1.3435,1.3234,3.83,Manual,5h 17m,Closed,27 May 2:11 PM
ETH/USDT,Smart,Buy,0.2318,2067.61,2089.50,2057.26,2088.28,5.07,TP,3h 35m,Closed,27 May 10:23 AM
XRP/USDT,Smart,Buy,362,1.3243,1.3362,1.3165,1.3363,4.31,TP,2h 7m,Closed,27 May 8:46 AM
BNB/USDT,Smart,Sell,0.736,651.05,654.28,654.26,644.49,-2.38,SL,26m,Closed,27 May 6:59 AM
DOGE/USDT,Smart,Buy,4739,0.101150,0.100360,0.100341,0.102768,-3.74,SL,8h 31m,Closed,27 May 6:31 AM
XRP/USDT,Smart,Sell,354,1.3502,1.3239,1.3646,1.3241,9.31,TP,13h 36m,Closed,27 May 6:19 AM
BNB/USDT,Smart,Sell,0.726,660.12,653.51,663.42,653.52,4.80,TP,12h 38m,Closed,27 May 6:14 AM
DOGE/USDT,Smart,Sell,4424,0.100960,0.101410,0.101445,0.099931,-1.99,SL,44m,Closed,26 May 8:23 PM
BTC/USDT,Smart,Buy,0.00628,76284.01,75906.94,75877.08,77020.95,-2.37,SL,12m,Closed,26 May 7:33 PM
DOGE/USDT,Smart,Sell,4424,0.102630,0.100460,0.103687,0.100607,9.60,TP,2h 50m,Closed,26 May 7:30 PM
BTC/USDT,Smart,Buy,0.00625,76696.72,76369.02,76313.24,77463.69,-2.05,SL,41m,Closed,26 May 7:19 PM
BTC/USDT,Smart,Buy,0.00622,77004.01,76252.84,76237.92,78548.16,-4.67,SL,3h 48m,Closed,26 May 6:13 PM
BTC/USDT,Smart,Sell,0.00617,77590.14,76402.33,78204.17,76342.16,7.33,TP,23h 47m,Closed,26 May 5:52 PM
BNB/USDT,Smart,Sell,0.718,666.73,660.65,670.41,660.40,4.37,TP,1h 7m,Closed,26 May 5:31 PM
XRP/USDT,Smart,Sell,351,1.3654,1.3508,1.3709,1.3505,5.12,TP,15m,Closed,26 May 4:42 PM
DOGE/USDT,Smart,Sell,4424,0.103640,0.102640,0.104219,0.102663,4.42,TP,12m,Closed,26 May 4:39 PM
DOGE/USDT,Smart,Sell,4424,0.102820,0.103650,0.103653,0.101185,-3.67,SL,1h 25m,Closed,26 May 4:27 PM
XRP/USDT,Smart,Sell,352,1.3583,1.3655,1.3652,1.3448,-2.53,SL,10m,Closed,26 May 4:26 PM
BNB/USDT,Smart,Sell,0.722,663.52,666.63,666.72,656.77,-2.25,SL,22m,Closed,26 May 4:23 PM
XRP/USDT,Smart,Sell,356,1.3458,1.3594,1.3600,1.3196,-4.84,SL,8h 38m,Closed,26 May 3:50 PM
BNB/USDT,Smart,Sell,0.724,661.12,664.51,664.81,654.89,-2.45,SL,3h 22m,Closed,26 May 3:50 PM
DOGE/USDT,Smart,Sell,4424,0.102320,0.102830,0.102822,0.101287,-2.26,SL,2h 14m,Closed,26 May 3:01 PM
DOGE/USDT,Smart,Sell,4424,0.101290,0.102270,0.102303,0.099264,-4.34,SL,6h 4m,Closed,26 May 12:30 PM
BNB/USDT,Smart,Sell,0.729,657.35,661.13,660.70,650.84,-2.76,SL,8h 36m,Closed,26 May 12:27 PM
ETH/USDT,Smart,Buy,0.2294,2090.13,2109.41,2079.51,2110.86,4.42,TP,8h 46m,Closed,26 May 12:21 PM
XRP/USDT,Smart,Sell,357,1.3398,1.3459,1.3465,1.3264,-2.18,SL,1h 25m,Closed,26 May 7:11 AM
DOGE/USDT,Smart,Sell,4424,0.100770,0.101280,0.101284,0.099772,-2.26,SL,2h 13m,Closed,26 May 6:26 AM
XRP/USDT,Smart,Sell,352,1.3585,1.3361,1.3726,1.3318,7.88,Manual,21h 51m,Closed,26 May 5:28 AM
BNB/USDT,Smart,Sell,0.723,662.28,656.49,665.86,655.92,4.19,TP,3h 16m,Closed,26 May 3:43 AM
BTC/USDT,Smart,Buy,0.0062,77307.01,76849.69,76920.47,78080.07,-2.84,SL,2h 17m,Closed,26 May 2:44 AM
ETH/USDT,Smart,Buy,0.227,2111.56,2095.57,2101.00,2132.68,-3.63,SL,2h 17m,Closed,26 May 2:44 AM
ADA/USDT,Smart,Buy,1948,0.2460,0.2440,0.2438,0.2497,-3.90,SL,5h 59m,Closed,26 May 12:04 AM
XRP/USDT,Smart,Buy,352,1.3603,1.3545,1.3533,1.3738,-2.04,SL,1h 54m,Closed,25 May 10:39 PM
SOL/USDT,Smart,Buy,5.56,86.19,85.85,85.82,87.11,-1.89,SL,2h 57m,Closed,25 May 9:02 PM
ETH/USDT,Smart,Buy,0.2241,2140.73,2129.49,2128.41,2160.50,-2.52,SL,1h 5m,Closed,25 May 7:56 PM
DOGE/USDT,Smart,Sell,4424,0.102880,0.103770,0.103693,0.101224,-3.94,SL,11h 32m,Closed,25 May 6:50 PM
BTC/USDT,Smart,Buy,0.00626,76492.01,77752.03,75888.00,77724.00,7.89,TP,23h 37m,Closed,25 May 4:47 PM
ADA/USDT,Smart,Buy,1972,0.2434,0.2451,0.2416,0.2452,3.35,TP,3h 26m,Closed,25 May 10:45 AM
BNB/USDT,Smart,Sell,0.727,659.14,662.11,662.04,652.16,-2.16,SL,7h 30m,Closed,25 May 10:05 AM
BTC/USDT,Smart,Sell,0.00621,77139.11,77476.02,77480.61,76324.18,-2.09,SL,3h 0m,Closed,25 May 7:37 AM
XRP/USDT,Smart,Sell,354,1.3513,1.3584,1.3590,1.3387,-2.51,SL,4h 17m,Closed,25 May 7:19 AM
SOL/USDT,Smart,Buy,5.67,84.49,86.11,83.59,86.12,9.19,TP,7h 44m,Closed,25 May 7:18 AM
BTC/USDT,Smart,Sell,0.00623,76880.91,77310.00,77315.17,76161.21,-2.67,SL,3h 48m,Closed,25 May 4:06 AM
BNB/USDT,Smart,Sell,0.731,655.43,658.85,658.96,649.12,-2.50,SL,1h 51m,Closed,25 May 2:10 AM
DOGE/USDT,Smart,Buy,4751,0.100940,0.102480,0.100093,0.102514,7.32,TP,2h 34m,Closed,25 May 2:09 AM
DOGE/USDT,Smart,Sell,4750,0.100920,0.101930,0.101939,0.098911,-4.80,SL,34m,Closed,25 May 12:11 AM
XRP/USDT,Smart,Sell,358,1.3354,1.3461,1.3464,1.3143,-3.83,SL,30m,Closed,25 May 12:06 AM
XRP/USDT,Smart,Sell,355,1.3496,1.3355,1.3564,1.3362,5.00,TP,5h 53m,Closed,24 May 11:35 PM
DOGE/USDT,Smart,Buy,4724,0.101500,0.101110,0.100983,0.102505,-1.84,Manual,5m,Closed,24 May 11:35 PM
ETH/USDT,Smart,Buy,0.2285,2096.10,2084.67,2085.46,2116.90,-2.61,SL,5h 57m,Closed,24 May 11:34 PM
ADA/USDT,Smart,Buy,1973,0.2429,0.2403,0.2403,0.2476,-5.13,SL,6h 23m,Closed,24 May 11:33 PM
SOL/USDT,Smart,Buy,5.61,85.33,84.67,84.81,86.09,-3.70,SL,5h 35m,Closed,24 May 10:48 PM
BNB/USDT,Smart,Sell,0.727,659.46,654.05,663.09,653.19,3.93,Manual,16h 57m,Closed,24 May 4:17 PM
BTC/USDT,Smart,Buy,0.00624,76792.00,76430.13,76363.36,77514.57,-2.26,SL,16h 42m,Closed,24 May 4:16 PM
ETH/USDT,Smart,Buy,0.2265,2116.65,2106.47,2106.03,2137.78,-2.31,SL,15h 8m,Closed,24 May 3:56 PM
XRP/USDT,Smart,Sell,352,1.3575,1.3668,1.3668,1.3464,-3.27,SL,11h 49m,Closed,24 May 12:19 AM
SOL/USDT,Smart,Buy,5.58,85.85,86.67,85.38,86.66,4.58,TP,8h 5m,Closed,24 May 9:03 AM
SOL/USDT,Smart,Buy,5.49,87.29,86.37,86.37,88.98,-5.05,SL,27m,Closed,23 May 11:30 PM
ADA/USDT,Smart,Buy,1916,0.2503,0.2481,0.2482,0.2542,-4.22,SL,26m,Closed,23 May 11:29 PM
DOGE/USDT,Smart,Buy,4593,0.104360,0.103940,0.103958,0.105525,-1.93,SL,25m,Closed,23 May 11:29 PM
XRP/USDT,Smart,Sell,348,1.3747,1.3653,1.3818,1.3612,3.27,Manual,18m,Closed,23 May 11:21 PM
DOGE/USDT,Smart,Buy,4571,0.104820,0.104330,0.104346,0.105919,-2.24,SL,1m,Closed,23 May 11:03 PM
BTC/USDT,Smart,Buy,0.00633,75624.18,77104.15,74867.94,77136.66,9.37,TP,5h 45m,Closed,23 May 10:57 PM
ADA/USDT,Smart,Buy,1967,0.2437,0.2482,0.2413,0.2486,8.94,Manual,5h 29m,Closed,23 May 10:41 PM
XRP/USDT,Smart,Sell,357,1.3413,1.3540,1.3548,1.3146,-4.53,SL,5h 26m,Closed,23 May 10:37 PM
SOL/USDT,Smart,Buy,5.7,83.98,85.55,83.14,85.66,8.95,Manual,5h 8m,Closed,23 May 10:37 PM
BTC/USDT,Smart,Sell,0.00635,75499.61,75900.61,75852.77,74720.64,-2.55,SL,1h 46m,Closed,23 May 8:20 PM
DOGE/USDT,Smart,Buy,4717,0.101640,0.100830,0.100817,0.103256,-3.82,SL,1h 14m,Closed,23 May 6:25 PM
SOL/USDT,Smart,Buy,5.67,84.42,84.00,84.01,85.27,-2.38,SL,17m,Closed,23 May 5:28 PM
BTC/USDT,Smart,Sell,0.00634,75581.09,74508.28,76175.51,74361.80,6.80,Manual,8h 5m,Closed,23 May 9:51 AM
XRP/USDT,Smart,Sell,1050.3,1.3547,1.3246,1.3440,1.3236,31.65,TP,16h 58m,Closed,23 May 9:50 AM
ADA/USDT,Smart,Buy,1974,0.2428,0.2409,0.2409,0.2467,-3.75,SL,8h 0m,Closed,23 May 9:46 AM
BNB/USDT,Smart,Sell,0.734,653.52,647.27,656.52,646.72,4.59,TP,11h 12m,Closed,23 May 9:31 AM
BTC/USDT,Smart,Buy,0.00634,75585.61,75284.89,75211.55,76345.40,-1.91,SL,3h 2m,Closed,23 May 9:23 AM
DOGE/USDT,Smart,Sell,4424,0.101090,0.101900,0.101899,0.099473,-3.58,SL,2h 52m,Closed,23 May 5:31 AM
DOGE/USDT,Smart,Sell,4424,0.102170,0.101150,0.104237,0.101141,4.51,TP,50m,Closed,23 May 2:38 AM
BTC/USDT,Agent,Buy,0.00249,77000.01,75456.54,75450.59,80070.02,-3.84,SL,74h 17m,Closed,23 May 2:15 AM
DOGE/USDT,Smart,Sell,4424,0.102220,0.102310,0.103111,0.100048,-0.40,Manual,1m,Closed,23 May 1:47 AM
DOGE/USDT,Smart,Buy,4645,0.103290,0.102210,0.102374,0.104851,-5.02,SL,4h 6m,Closed,23 May 1:45 AM
ADA/USDT,Smart,Buy,1960,0.2449,0.2433,0.2433,0.2469,-3.14,SL,3h 47m,Closed,23 May 1:45 AM
SOL/USDT,Smart,Buy,5.64,85.01,84.39,84.56,85.83,-3.50,SL,2h 45m,Closed,23 May 1:45 AM
DOGE/USDT,Smart,Buy,6439,0.103786,0.103360,0.103226,0.106354,-2.74,Manual,51m,Closed,22 May 9:38 PM
SOL/USDT,Smart,Buy,5.63,85.22,84.50,84.55,85.82,-4.05,SL,18m,Closed,22 May 9:32 PM
ETH/USDT,Agent,Buy,0.0907,2117.70,2066.67,2071.66,2198.49,-4.63,SL,69h 34m,Closed,22 May 9:32 PM
ETH/USDT,Smart,Sell,0.2256,2126.04,2066.50,2146.29,2082.54,13.43,TP,24h 36m,Closed,22 May 9:31 PM
BTC/USDT,Smart,Sell,0.00623,76932.84,76562.41,77317.51,76163.52,2.31,Manual,5h 12m,Closed,22 May 9:31 PM
ADA/USDT,Agent,Buy,769,0.2498,0.2451,0.2465,0.2555,-3.61,SL,2h 53m,Closed,22 May 8:52 PM
DOGE/USDT,Smart,Buy,33667,0.105953,0.103780,0.104653,0.107824,-73.14,SL,22h 6m,Closed,22 May 8:47 PM
SOL/USDT,Agent,Buy,2.21,86.66,84.90,85.36,89.26,-3.89,SL,39h 56m,Closed,22 May 8:47 PM
SOL/USDT,Smart,Sell,5.46,87.69,86.38,88.40,86.30,7.15,TP,5h 39m,Closed,22 May 8:31 PM
ADA/USDT,Agent,Buy,760,0.2535,0.2489,0.2487,0.2600,-3.50,SL,2h 39m,Closed,22 May 5:27 PM
XRP/USDT,Smart,Sell,351,1.3638,1.3511,1.3708,1.3504,4.46,TP,7h 48m,Closed,22 May 4:24 PM
BTC/USDT,Smart,Sell,0.00616,77748.77,76950.18,78101.12,76935.43,4.92,TP,17h 43m,Closed,22 May 4:18 PM
ADA/USDT,Agent,Buy,775,0.2473,0.2534,0.2444,0.2533,4.73,TP,57h 44m,Closed,22 May 2:48 PM
DOGE/USDT,Smart,Sell,4424,0.105950,0.106620,0.106500,0.104910,-2.96,SL,15h 36m,Closed,22 May 2:12 PM
XRP/USDT,Smart,Buy,349,1.3715,1.3640,1.3644,1.3850,-2.62,SL,4h 6m,Closed,22 May 8:35 AM
BNB/USDT,Smart,Sell,0.729,656.81,660.16,660.08,650.23,-2.44,SL,40m,Closed,22 May 4:15 AM
